Product,Category,Overview,Users,Systems,Support
ShareFile,Digital Experience,Secure document sharing and collaboration platform,Customers and Partners,Salesforce|ServiceNow|OCPQ,License Activation|Renewals|Asset Creation
MOVEit,Digital Experience,Managed file transfer platform,IT and Security Teams,Salesforce|ServiceNow,Secure File Transfer|Renewals
Telerik,Digital Experience,UI components and developer tools,Developers,OCPQ|Salesforce,Quotes|Renewals
MarkLogic,Data & AI,Enterprise data management platform,Enterprise Customers,Salesforce,Licensing|Renewals
OpenEdge,Data & AI,Application development platform,Business Applications Teams,Salesforce,Account Support|Renewals
LoadMaster,Infrastructure,Load balancing solution,Infrastructure Teams,Salesforce,Licensing|Asset Management
Chef,Infrastructure,Infrastructure automation platform,IT Teams,ServiceNow,Automation Support
Flowmon,Infrastructure,Network observability platform,Security Teams,ServiceNow,Licensing Support
WhatsUp Gold,Infrastructure,Network monitoring platform,IT Operations,ServiceNow,Monitoring Support
